nom_amenageur,siren_amenageur,contact_amenageur,nom_operateur,contact_operateur,telephone_operateur,nom_enseigne,id_station_itinerance,id_station_local,nom_station,implantation_station,adresse_station,code_insee_commune,coordonneesXY,nbre_pdc,id_pdc_itinerance,id_pdc_local,puissance_nominale,prise_type_ef,prise_type_2,prise_type_combo_ccs,prise_type_chademo,prise_type_autre,gratuit,paiement_acte,paiement_cb,paiement_autre,tarification,condition_acces,reservation,horaires,accessibilite_pmr,restriction_gabarit,station_deux_roues,raccordement,num_pdl,date_mise_en_service,observations,date_maj,cable_t2_attache
MOBIVE - SEHV87,"",valerie.geay@sehv.fr ,Izivia,sav@izivia.com,0972668001,MOBIVE - SEHV87,FRS87PMB87111,FR*SOD*S*MB87*1*1*_*_,BELLAC - PLACE DU CHAMP DE FOIRE,Voirie,7 RUE DE CHANZY,87300,"[46.120257,1.050832]",2,FRS87EMB87111,FR*SOD*E*MB87*1*1*1*_,22,false,false,false,false,false,false,true,false,true,"",Accès libre,false,24/7,Accessibilité inconnue,Aucune Restriction,false,Direct,0,2021-09-30,Conditions accès aux bornes dépendantes des accords et formules de votre EMSP,2023-11-28,0
MOBIVE - SEHV87,"",valerie.geay@sehv.fr ,Izivia,sav@izivia.com,0972668001,MOBIVE - SEHV87,FRS87PMB87112,FR*SOD*S*MB87*1*1*_*_,BELLAC - PLACE DU CHAMP DE FOIRE,Voirie,7 RUE DE CHANZY,87300,"[46.120257,1.050832]",2,FRS87EMB87112,FR*SOD*E*MB87*1*1*2*_,22,true,true,false,false,false,false,true,false,true,"",Accès libre,false,24/7,Accessibilité inconnue,Aucune Restriction,false,Direct,0,2021-09-30,Conditions accès aux bornes dépendantes des accords et formules de votre EMSP,2023-11-28,0
MOBIVE - SEHV87,"",valerie.geay@sehv.fr ,Izivia,sav@izivia.com,0972668001,MOBIVE - SEHV87,FRS87PMB87211,FR*SOD*S*MB87*2*1*_*_,CHATEAUNEUF LA FORET - PLACE DU 8 MAI 1945,Voirie,PLACE DU 8 MAI 1945,87130,"[45.713124,1.605933]",2,FRS87EMB87211,FR*SOD*E*MB87*2*1*1*_,22,false,false,false,false,false,false,true,false,true,"",Accès libre,false,24/7,Accessibilité inconnue,Aucune Restriction,false,Direct,0,2022-03-15,Conditions accès aux bornes dépendantes des accords et formules de votre EMSP,2023-11-28,0
MOBIVE - SEHV87,"",valerie.geay@sehv.fr ,Izivia,sav@izivia.com,0972668001,MOBIVE - SEHV87,FRS87PMB87212,FR*SOD*S*MB87*2*1*_*_,CHATEAUNEUF LA FORET - PLACE DU 8 MAI 1945,Voirie,PLACE DU 8 MAI 1945,87130,"[45.713124,1.605933]",2,FRS87EMB87212,FR*SOD*E*MB87*2*1*2*_,22,false,false,false,false,false,false,true,false,true,"",Accès libre,false,24/7,Accessibilité inconnue,Aucune Restriction,false,Direct,0,2022-03-15,Conditions accès aux bornes dépendantes des accords et formules de votre EMSP,2023-11-28,0
MOBIVE - SEHV87,"",valerie.geay@sehv.fr ,Izivia,sav@izivia.com,0972668001,MOBIVE - SEHV87,FRS87PMB87311,FR*SOD*S*MB87*3*1*_*_,LE DORAT - PLACE DU CHAMP DE FOIRE,Voirie,PLACE DU CHAMP DE FOIRE,87210,"[46.217588,1.077636]",2,FRS87EMB87311,FR*SOD*E*MB87*3*1*1*_,22,true,true,false,false,false,false,true,false,true,"",Accès libre,false,24/7,Accessibilité inconnue,Aucune Restriction,false,Direct,0,2022-03-30,Conditions accès aux bornes dépendantes des accords et formules de votre EMSP,2023-11-28,0
MOBIVE - SEHV87,"",valerie.geay@sehv.fr ,Izivia,sav@izivia.com,0972668001,MOBIVE - SEHV87,FRS87PMB87312,FR*SOD*S*MB87*3*1*_*_,LE DORAT - PLACE DU CHAMP DE FOIRE,Voirie,PLACE DU CHAMP DE FOIRE,87210,"[46.217588,1.077636]",2,FRS87EMB87312,FR*SOD*E*MB87*3*1*2*_,22,false,false,false,false,false,false,true,false,true,"",Accès libre,false,24/7,Accessibilité inconnue,Aucune Restriction,false,Direct,0,2022-03-30,Conditions accès aux bornes dépendantes des accords et formules de votre EMSP,2023-11-28,0
MOBIVE - SEHV87,"",valerie.geay@sehv.fr ,Izivia,sav@izivia.com,0972668001,MOBIVE - SEHV87,FRS87PMB87411,FR*SOD*S*MB87*4*1*_*_,AIXE SUR VIENNE - PLACE GUILLAUME LEMAISTRE,Voirie,"PARKING GUILLAUME LEMAISTRE, RUE PIERRE MENDES FRANCE",87700,"[45.797558,1.137518]",2,FRS87EMB87411,FR*SOD*E*MB87*4*1*1*_,22,false,false,false,false,false,false,true,false,true,"",Accès libre,false,24/7,Accessibilité inconnue,Aucune Restriction,false,Direct,0,2021-10-01,Conditions accès aux bornes dépendantes des accords et formules de votre EMSP,2023-11-28,0
MOBIVE - SEHV87,"",valerie.geay@sehv.fr ,Izivia,sav@izivia.com,0972668001,MOBIVE - SEHV87,FRS87PMB87412,FR*SOD*S*MB87*4*1*_*_,AIXE SUR VIENNE - PLACE GUILLAUME LEMAISTRE,Voirie,"PARKING GUILLAUME LEMAISTRE, RUE PIERRE MENDES FRANCE",87700,"[45.797558,1.137518]",2,FRS87EMB87412,FR*SOD*E*MB87*4*1*2*_,22,false,false,false,false,false,false,true,false,true,"",Accès libre,false,24/7,Accessibilité inconnue,Aucune Restriction,false,Direct,0,2021-10-01,Conditions accès aux bornes dépendantes des accords et formules de votre EMSP,2023-11-28,0
MOBIVE - SEHV87,"",valerie.geay@sehv.fr ,Izivia,sav@izivia.com,0972668001,MOBIVE - SEHV87,FRS87PMB87511,FR*SOD*S*MB87*5*1*_*_,AIXE SUR VIENNE - GARE,Voirie,26 AVENUE DU GENERAL DE GAULLE,87700,"[45.796720,1.145703]",2,FRS87EMB87511,FR*SOD*E*MB87*5*1*1*_,22,true,true,false,false,false,false,true,false,true,"",Accès libre,false,24/7,Accessibilité inconnue,Aucune Restriction,false,Direct,0,2021-10-01,Conditions accès aux bornes dépendantes des accords et formules de votre EMSP,2023-11-28,0
MOBIVE - SEHV87,"",valerie.geay@sehv.fr ,Izivia,sav@izivia.com,0972668001,MOBIVE - SEHV87,FRS87PMB87512,FR*SOD*S*MB87*5*1*_*_,AIXE SUR VIENNE - GARE,Voirie,26 AVENUE DU GENERAL DE GAULLE,87700,"[45.796720,1.145703]",2,FRS87EMB87512,FR*SOD*E*MB87*5*1*2*_,22,false,false,false,false,false,false,true,false,true,"",Accès libre,false,24/7,Accessibilité inconnue,Aucune Restriction,false,Direct,0,2021-10-01,Conditions accès aux bornes dépendantes des accords et formules de votre EMSP,2023-11-28,0
MOBIVE - SEHV87,"",valerie.geay@sehv.fr ,Izivia,sav@izivia.com,0972668001,MOBIVE - SEHV87,FRS87PMB87611,FR*SOD*S*MB87*6*1*_*_,AMBAZAC - PLACE DU 19 MARS 1962,Voirie,PLACE DU 19 MARS 1962,87240,"[45.958310,1.400478]",2,FRS87EMB87611,FR*SOD*E*MB87*6*1*1*_,22,false,false,false,false,false,false,true,false,true,"",Accès libre,false,24/7,Accessibilité inconnue,Aucune Restriction,false,Direct,0,2021-09-30,Conditions accès aux bornes dépendantes des accords et formules de votre EMSP,2023-11-28,0
MOBIVE - SEHV87,"",valerie.geay@sehv.fr ,Izivia,sav@izivia.com,0972668001,MOBIVE - SEHV87,FRS87PMB87612,FR*SOD*S*MB87*6*1*_*_,AMBAZAC - PLACE DU 19 MARS 1962,Voirie,PLACE DU 19 MARS 1962,87240,"[45.958310,1.400478]",2,FRS87EMB87612,FR*SOD*E*MB87*6*1*2*_,22,true,true,false,false,false,false,true,false,true,"",Accès libre,false,24/7,Accessibilité inconnue,Aucune Restriction,false,Direct,0,2021-09-30,Conditions accès aux bornes dépendantes des accords et formules de votre EMSP,2023-11-28,0
MOBIVE - SEHV87,"",valerie.geay@sehv.fr ,Izivia,sav@izivia.com,0972668001,MOBIVE - SEHV87,FRS87PMB87711,FR*SOD*S*MB87*7*1*_*_,AMBAZAC - GARE,Voirie,GARE,87240,"[45.953075,1.406172]",2,FRS87EMB87711,FR*SOD*E*MB87*7*1*1*_,22,false,false,false,false,false,false,true,false,true,"",Accès libre,false,24/7,Accessibilité inconnue,Aucune Restriction,false,Direct,0,2021-07-26,Conditions accès aux bornes dépendantes des accords et formules de votre EMSP,2023-11-28,0
MOBIVE - SEHV87,"",valerie.geay@sehv.fr ,Izivia,sav@izivia.com,0972668001,MOBIVE - SEHV87,FRS87PMB87712,FR*SOD*S*MB87*7*1*_*_,AMBAZAC - GARE,Voirie,GARE,87240,"[45.953075,1.406172]",2,FRS87EMB87712,FR*SOD*E*MB87*7*1*2*_,22,false,false,false,false,false,false,true,false,true,"",Accès libre,false,24/7,Accessibilité inconnue,Aucune Restriction,false,Direct,0,2021-07-26,Conditions accès aux bornes dépendantes des accords et formules de votre EMSP,2023-11-28,0
MOBIVE - SEHV87,"",valerie.geay@sehv.fr ,Izivia,sav@izivia.com,0972668001,MOBIVE - SEHV87,FRS87PMB87811,FR*SOD*S*MB87*8*1*_*_,BESSINES SUR GARTEMPE - PLACE DU CHAMP DE FOIRE,Voirie,PLACE DU CHAMP DE FOIRE,87250,"[46.109403,1.369671]",2,FRS87EMB87811,FR*SOD*E*MB87*8*1*1*_,22,true,true,false,false,false,false,true,false,true,"",Accès libre,false,24/7,Accessibilité inconnue,Aucune Restriction,false,Direct,0,2021-07-27,Conditions accès aux bornes dépendantes des accords et formules de votre EMSP,2023-11-28,0
MOBIVE - SEHV87,"",valerie.geay@sehv.fr ,Izivia,sav@izivia.com,0972668001,MOBIVE - SEHV87,FRS87PMB87812,FR*SOD*S*MB87*8*1*_*_,BESSINES SUR GARTEMPE - PLACE DU CHAMP DE FOIRE,Voirie,PLACE DU CHAMP DE FOIRE,87250,"[46.109403,1.369671]",2,FRS87EMB87812,FR*SOD*E*MB87*8*1*2*_,22,false,false,false,false,false,false,true,false,true,"",Accès libre,false,24/7,Accessibilité inconnue,Aucune Restriction,false,Direct,0,2021-07-27,Conditions accès aux bornes dépendantes des accords et formules de votre EMSP,2023-11-28,0
MOBIVE - SEHV87,"",valerie.geay@sehv.fr ,Izivia,sav@izivia.com,0972668001,MOBIVE - SEHV87,FRS87PMB87911,FR*SOD*S*MB87*9*1*_*_,SAINT YRIEIX LA PERCHE - PLACE DE LA NATION,Voirie,PLACE DE LA NATION,87500,"[45.509842,1.202405]",2,FRS87EMB87911,FR*SOD*E*MB87*9*1*1*_,22,false,false,false,false,false,false,true,false,true,"",Accès libre,false,24/7,Accessibilité inconnue,Aucune Restriction,false,Direct,0,2021-07-26,Conditions accès aux bornes dépendantes des accords et formules de votre EMSP,2023-11-28,0
MOBIVE - SEHV87,"",valerie.geay@sehv.fr ,Izivia,sav@izivia.com,0972668001,MOBIVE - SEHV87,FRS87PMB87912,FR*SOD*S*MB87*9*1*_*_,SAINT YRIEIX LA PERCHE - PLACE DE LA NATION,Voirie,PLACE DE LA NATION,87500,"[45.509842,1.202405]",2,FRS87EMB87912,FR*SOD*E*MB87*9*1*2*_,22,true,true,false,false,false,false,true,false,true,"",Accès libre,false,24/7,Accessibilité inconnue,Aucune Restriction,false,Direct,0,2021-07-26,Conditions accès aux bornes dépendantes des accords et formules de votre EMSP,2023-11-28,0
MOBIVE - SEHV87,"",valerie.geay@sehv.fr ,Izivia,sav@izivia.com,0972668001,MOBIVE - SEHV87,FRS87PMB871011,FR*SOD*S*MB87*10*1*_*_,SAINT YRIEIX LA PERCHE - GARE,Voirie,GARE,87500,"[45.518624,1.205753]",2,FRS87EMB871011,FR*SOD*E*MB87*10*1*1*_,22,false,false,false,false,false,false,true,false,true,"",Accès libre,false,24/7,Accessibilité inconnue,Aucune Restriction,false,Direct,0,2021-07-26,Conditions accès aux bornes dépendantes des accords et formules de votre EMSP,2023-11-28,0
MOBIVE - SEHV87,"",valerie.geay@sehv.fr ,Izivia,sav@izivia.com,0972668001,MOBIVE - SEHV87,FRS87PMB871012,FR*SOD*S*MB87*10*1*_*_,SAINT YRIEIX LA PERCHE - GARE,Voirie,GARE,87500,"[45.518624,1.205753]",2,FRS87EMB871012,FR*SOD*E*MB87*10*1*2*_,22,false,false,false,false,false,false,true,false,true,"",Accès libre,false,24/7,Accessibilité inconnue,Aucune Restriction,false,Direct,0,2021-07-26,Conditions accès aux bornes dépendantes des accords et formules de votre EMSP,2023-11-28,0
MOBIVE - SEHV87,"",valerie.geay@sehv.fr ,Izivia,sav@izivia.com,0972668001,MOBIVE - SEHV87,FRS87PMB871111,FR*SOD*S*MB87*11*1*_*_,ORADOUR SUR GLANE - PLACE DE LEUROPE,Voirie,PLACE DE LEUROPE,87520,"[45.932699,1.032646]",2,FRS87EMB871111,FR*SOD*E*MB87*11*1*1*_,22,false,false,false,false,false,false,true,false,true,"",Accès libre,false,24/7,Accessibilité inconnue,Aucune Restriction,false,Direct,0,2021-08-25,Conditions accès aux bornes dépendantes des accords et formules de votre EMSP,2023-11-28,0
MOBIVE - SEHV87,"",valerie.geay@sehv.fr ,Izivia,sav@izivia.com,0972668001,MOBIVE - SEHV87,FRS87PMB871112,FR*SOD*S*MB87*11*1*_*_,ORADOUR SUR GLANE - PLACE DE LEUROPE,Voirie,PLACE DE LEUROPE,87520,"[45.932699,1.032646]",2,FRS87EMB871112,FR*SOD*E*MB87*11*1*2*_,22,true,true,false,false,false,false,true,false,true,"",Accès libre,false,24/7,Accessibilité inconnue,Aucune Restriction,false,Direct,0,2021-08-25,Conditions accès aux bornes dépendantes des accords et formules de votre EMSP,2023-11-28,0
MOBIVE - SEHV87,"",valerie.geay@sehv.fr ,Izivia,sav@izivia.com,0972668001,MOBIVE - SEHV87,FRS87PMB871211,FR*SOD*S*MB87*12*1*_*_,ROCHECHOUART - PARKING DU MOULIN DU PUY,Voirie,PARKING DU MOULIN DU PUY,87600,"[45.824350,0.818752]",2,FRS87EMB871211,FR*SOD*E*MB87*12*1*1*_,22,false,false,false,false,false,false,true,false,true,"",Accès libre,false,24/7,Accessibilité inconnue,Aucune Restriction,false,Direct,0,2021-08-27,Conditions accès aux bornes dépendantes des accords et formules de votre EMSP,2023-11-28,0
MOBIVE - SEHV87,"",valerie.geay@sehv.fr ,Izivia,sav@izivia.com,0972668001,MOBIVE - SEHV87,FRS87PMB871212,FR*SOD*S*MB87*12*1*_*_,ROCHECHOUART - PARKING DU MOULIN DU PUY,Voirie,PARKING DU MOULIN DU PUY,87600,"[45.824350,0.818752]",2,FRS87EMB871212,FR*SOD*E*MB87*12*1*2*_,22,false,false,false,false,false,false,true,false,true,"",Accès libre,false,24/7,Accessibilité inconnue,Aucune Restriction,false,Direct,0,2021-08-27,Conditions accès aux bornes dépendantes des accords et formules de votre EMSP,2023-11-28,0
MOBIVE - SEHV87,"",valerie.geay@sehv.fr ,Izivia,sav@izivia.com,0972668001,MOBIVE - SEHV87,FRS87PMB871411,FR*SOD*S*MB87*14*1*_*_,SAINT LEONARD DE NOBLAT - PLACE DU CHAMPS DE MARS,Voirie,PLACE DU CHAMPS DE MARS,87400,"[45.838198,1.493325]",3,FRS87EMB871411,FR*SOD*E*MB87*14*1*1*_,50,false,false,false,false,false,false,true,false,true,"",Accès libre,false,24/7,Accessibilité inconnue,Aucune Restriction,false,Direct,0,2021-08-25,Conditions accès aux bornes dépendantes des accords et formules de votre EMSP,2023-11-28,0
MOBIVE - SEHV87,"",valerie.geay@sehv.fr ,Izivia,sav@izivia.com,0972668001,MOBIVE - SEHV87,FRS87PMB871413,FR*SOD*S*MB87*14*1*_*_,SAINT LEONARD DE NOBLAT - PLACE DU CHAMPS DE MARS,Voirie,PLACE DU CHAMPS DE MARS,87400,"[45.838198,1.493325]",3,FRS87EMB871413,FR*SOD*E*MB87*14*1*3*_,50,false,false,false,false,false,false,true,false,true,"",Accès libre,false,24/7,Accessibilité inconnue,Aucune Restriction,false,Direct,0,2021-08-25,Conditions accès aux bornes dépendantes des accords et formules de votre EMSP,2023-11-28,0
MOBIVE - SEHV87,"",valerie.geay@sehv.fr ,Izivia,sav@izivia.com,0972668001,MOBIVE - SEHV87,FRS87PMB871511,FR*SOD*S*MB87*15*1*_*_,CHALUS - PLACE DU CHAMP DE FOIRE,Voirie,ZA DU MONTEIL,87230,"[45.651697,0.979587]",3,FRS87EMB871511,FR*SOD*E*MB87*15*1*1*_,50,false,false,false,false,false,false,true,false,true,"",Accès libre,false,24/7,Accessibilité inconnue,Aucune Restriction,false,Direct,0,2021-08-26,Conditions accès aux bornes dépendantes des accords et formules de votre EMSP,2023-11-28,0
MOBIVE - SEHV87,"",valerie.geay@sehv.fr ,Izivia,sav@izivia.com,0972668001,MOBIVE - SEHV87,FRS87PMB871512,FR*SOD*S*MB87*15*1*_*_,CHALUS - PLACE DU CHAMP DE FOIRE,Voirie,ZA DU MONTEIL,87230,"[45.651697,0.979587]",3,FRS87EMB871512,FR*SOD*E*MB87*15*1*2*_,50,false,false,false,false,false,false,true,false,true,"",Accès libre,false,24/7,Accessibilité inconnue,Aucune Restriction,false,Direct,0,2021-08-26,Conditions accès aux bornes dépendantes des accords et formules de votre EMSP,2023-11-28,0
MOBIVE - SEHV87,"",valerie.geay@sehv.fr ,Izivia,sav@izivia.com,0972668001,MOBIVE - SEHV87,FRS87PMB871513,FR*SOD*S*MB87*15*1*_*_,CHALUS - PLACE DU CHAMP DE FOIRE,Voirie,ZA DU MONTEIL,87230,"[45.651697,0.979587]",3,FRS87EMB871513,FR*SOD*E*MB87*15*1*3*_,50,false,false,false,false,false,false,true,false,true,"",Accès libre,false,24/7,Accessibilité inconnue,Aucune Restriction,false,Direct,0,2021-08-26,Conditions accès aux bornes dépendantes des accords et formules de votre EMSP,2023-11-28,0
MOBIVE - SEHV87,"",valerie.geay@sehv.fr ,Izivia,sav@izivia.com,0972668001,MOBIVE - SEHV87,FRS87PMB871711,FR*SOD*S*MB87*17*1*_*_,RAZES - MAISON DU LAC,Voirie,MAISON DU LAC,87640,"[46.034289,1.298979]",2,FRS87EMB871711,FR*SOD*E*MB87*17*1*1*_,22,false,false,false,false,false,false,true,false,true,"",Accès libre,false,24/7,Accessibilité inconnue,Aucune Restriction,false,Direct,0,2022-07-08,Conditions accès aux bornes dépendantes des accords et formules de votre EMSP,2023-11-28,0
MOBIVE - SEHV87,"",valerie.geay@sehv.fr ,Izivia,sav@izivia.com,0972668001,MOBIVE - SEHV87,FRS87PMB871712,FR*SOD*S*MB87*17*1*_*_,RAZES - MAISON DU LAC,Voirie,MAISON DU LAC,87640,"[46.034289,1.298979]",2,FRS87EMB871712,FR*SOD*E*MB87*17*1*2*_,22,true,true,false,false,false,false,true,false,true,"",Accès libre,false,24/7,Accessibilité inconnue,Aucune Restriction,false,Direct,0,2022-07-08,Conditions accès aux bornes dépendantes des accords et formules de votre EMSP,2023-11-28,0
MOBIVE - SEHV87,"",valerie.geay@sehv.fr ,Izivia,sav@izivia.com,0972668001,MOBIVE - SEHV87,FRS87PMB871811,FR*SOD*S*MB87*18*1*_*_,LA CROISILLE SUR BRIANCE - PARVIS COLONEL BELTRAME,Voirie,PARVIS COLONEL BELTRAME,87130,"[45.628803,1.585948]",2,FRS87EMB871811,FR*SOD*E*MB87*18*1*1*_,22,false,false,false,false,false,false,true,false,true,"",Accès libre,false,24/7,Accessibilité inconnue,Aucune Restriction,false,Direct,0,2022-04-29,Conditions accès aux bornes dépendantes des accords et formules de votre EMSP,2023-11-28,0
MOBIVE - SEHV87,"",valerie.geay@sehv.fr ,Izivia,sav@izivia.com,0972668001,MOBIVE - SEHV87,FRS87PMB871812,FR*SOD*S*MB87*18*1*_*_,LA CROISILLE SUR BRIANCE - PARVIS COLONEL BELTRAME,Voirie,PARVIS COLONEL BELTRAME,87130,"[45.628803,1.585948]",2,FRS87EMB871812,FR*SOD*E*MB87*18*1*2*_,22,false,false,false,false,false,false,true,false,true,"",Accès libre,false,24/7,Accessibilité inconnue,Aucune Restriction,false,Direct,0,2022-04-29,Conditions accès aux bornes dépendantes des accords et formules de votre EMSP,2023-11-28,0
MOBIVE - SEHV87,"",valerie.geay@sehv.fr ,Izivia,sav@izivia.com,0972668001,MOBIVE - SEHV87,FRS87PMB871911,FR*SOD*S*MB87*19*1*_*_,SAINT PAUL - PARKING DE LA SALLE DES FETES,Voirie,PARKING DE LA SALLE DES FETES,87260,"[45.749293,1.431829]",2,FRS87EMB871911,FR*SOD*E*MB87*19*1*1*_,22,true,true,false,false,false,false,true,false,true,"",Accès libre,false,24/7,Accessibilité inconnue,Aucune Restriction,false,Direct,0,2022-05-20,Conditions accès aux bornes dépendantes des accords et formules de votre EMSP,2023-11-28,0
MOBIVE - SEHV87,"",valerie.geay@sehv.fr ,Izivia,sav@izivia.com,0972668001,MOBIVE - SEHV87,FRS87PMB871912,FR*SOD*S*MB87*19*1*_*_,SAINT PAUL - PARKING DE LA SALLE DES FETES,Voirie,PARKING DE LA SALLE DES FETES,87260,"[45.749293,1.431829]",2,FRS87EMB871912,FR*SOD*E*MB87*19*1*2*_,22,false,false,false,false,false,false,true,false,true,"",Accès libre,false,24/7,Accessibilité inconnue,Aucune Restriction,false,Direct,0,2022-05-20,Conditions accès aux bornes dépendantes des accords et formules de votre EMSP,2023-11-28,0
MOBIVE - SEHV87,"",valerie.geay@sehv.fr ,Izivia,sav@izivia.com,0972668001,MOBIVE - SEHV87,FRS87PMB872011,FR*SOD*S*MB87*20*1*_*_,SAINT SULPICE LAURIERE - PLACE DU 8 MAI 1945,Voirie,PLACE DU 8 MAI 1945,87370,"[46.048822,1.480057]",2,FRS87EMB872011,FR*SOD*E*MB87*20*1*1*_,22,false,false,false,false,false,false,true,false,true,"",Accès libre,false,24/7,Accessibilité inconnue,Aucune Restriction,false,Direct,0,2022-06-21,Conditions accès aux bornes dépendantes des accords et formules de votre EMSP,2023-11-28,0
MOBIVE - SEHV87,"",valerie.geay@sehv.fr ,Izivia,sav@izivia.com,0972668001,MOBIVE - SEHV87,FRS87PMB872012,FR*SOD*S*MB87*20*1*_*_,SAINT SULPICE LAURIERE - PLACE DU 8 MAI 1945,Voirie,PLACE DU 8 MAI 1945,87370,"[46.048822,1.480057]",2,FRS87EMB872012,FR*SOD*E*MB87*20*1*2*_,22,true,true,false,false,false,false,true,false,true,"",Accès libre,false,24/7,Accessibilité inconnue,Aucune Restriction,false,Direct,0,2022-06-21,Conditions accès aux bornes dépendantes des accords et formules de votre EMSP,2023-11-28,0
MOBIVE - SEHV87,"",valerie.geay@sehv.fr ,Izivia,sav@izivia.com,0972668001,MOBIVE - SEHV87,FRS87PMB872111,FR*SOD*S*MB87*21*1*_*_,BOSMIE LAIGUILLE - RUE JEAN FERRAT,Voirie,RUE JEAN FERRAT,87110,"[45.778378,1.204664]",2,FRS87EMB872111,FR*SOD*E*MB87*21*1*1*_,22,false,false,false,false,false,false,true,false,true,"",Accès libre,false,24/7,Accessibilité inconnue,Aucune Restriction,false,Direct,0,2022-09-06,Conditions accès aux bornes dépendantes des accords et formules de votre EMSP,2023-11-28,0
MOBIVE - SEHV87,"",valerie.geay@sehv.fr ,Izivia,sav@izivia.com,0972668001,MOBIVE - SEHV87,FRS87PMB872112,FR*SOD*S*MB87*21*1*_*_,BOSMIE LAIGUILLE - RUE JEAN FERRAT,Voirie,RUE JEAN FERRAT,87110,"[45.778378,1.204664]",2,FRS87EMB872112,FR*SOD*E*MB87*21*1*2*_,22,false,false,false,false,false,false,true,false,true,"",Accès libre,false,24/7,Accessibilité inconnue,Aucune Restriction,false,Direct,0,2022-09-06,Conditions accès aux bornes dépendantes des accords et formules de votre EMSP,2023-11-28,0
MOBIVE - SEHV87,"",valerie.geay@sehv.fr ,Izivia,sav@izivia.com,0972668001,MOBIVE - SEHV87,FRS87PMB872211,FR*SOD*S*MB87*22*1*_*_,MAGNAC LAVAL - PLACE DE LA REPUBLIQUE,Voirie,PLACE DE LA REPUBLIQUE,87190,"[46.214915,1.167078]",2,FRS87EMB872211,FR*SOD*E*MB87*22*1*1*_,22,false,false,false,false,false,false,true,false,true,"",Accès libre,false,24/7,Accessibilité inconnue,Aucune Restriction,false,Direct,0,2022-06-21,Conditions accès aux bornes dépendantes des accords et formules de votre EMSP,2023-11-28,0
MOBIVE - SEHV87,"",valerie.geay@sehv.fr ,Izivia,sav@izivia.com,0972668001,MOBIVE - SEHV87,FRS87PMB872212,FR*SOD*S*MB87*22*1*_*_,MAGNAC LAVAL - PLACE DE LA REPUBLIQUE,Voirie,PLACE DE LA REPUBLIQUE,87190,"[46.214915,1.167078]",2,FRS87EMB872212,FR*SOD*E*MB87*22*1*2*_,22,false,false,false,false,false,false,true,false,true,"",Accès libre,false,24/7,Accessibilité inconnue,Aucune Restriction,false,Direct,0,2022-06-21,Conditions accès aux bornes dépendantes des accords et formules de votre EMSP,2023-11-28,0
MOBIVE - SEHV87,"",valerie.geay@sehv.fr ,Izivia,sav@izivia.com,0972668001,MOBIVE - SEHV87,FRS87PMB872311,FR*SOD*S*MB87*23*1*_*_,SAINT-GERMAIN-LES-BELLES - PLACE DU 8 MAI 1945,Voirie,PLACE DU 8 MAI 1945,87380,"[45.615384,1.494731]",2,FRS87EMB872311,FR*SOD*E*MB87*23*1*1*_,22,false,false,false,false,false,false,true,false,true,"",Accès libre,false,24/7,Accessibilité inconnue,Aucune Restriction,false,Direct,0,2023-03-02,Conditions accès aux bornes dépendantes des accords et formules de votre EMSP,2023-11-28,0
MOBIVE - SEHV87,"",valerie.geay@sehv.fr ,Izivia,sav@izivia.com,0972668001,MOBIVE - SEHV87,FRS87PMB872312,FR*SOD*S*MB87*23*1*_*_,SAINT-GERMAIN-LES-BELLES - PLACE DU 8 MAI 1945,Voirie,PLACE DU 8 MAI 1945,87380,"[45.615384,1.494731]",2,FRS87EMB872312,FR*SOD*E*MB87*23*1*2*_,22,false,false,false,false,false,false,true,false,true,"",Accès libre,false,24/7,Accessibilité inconnue,Aucune Restriction,false,Direct,0,2023-03-02,Conditions accès aux bornes dépendantes des accords et formules de votre EMSP,2023-11-28,0
MOBIVE - SEHV87,"",valerie.geay@sehv.fr ,Izivia,sav@izivia.com,0972668001,MOBIVE - SEHV87,FRS87PMB872411,FR*SOD*S*MB87*24*1*_*_,SAINT-PRIEST-TAURION - ESPLANADE DU STADE,Voirie,5000 RUE PIERRE LAVERGNE,87480,"[45.886197,1.395287]",2,FRS87EMB872411,FR*SOD*E*MB87*24*1*1*_,22,false,false,false,false,false,false,true,false,true,"",Accès libre,false,24/7,Accessibilité inconnue,Aucune Restriction,false,Direct,0,2022-09-29,Conditions accès aux bornes dépendantes des accords et formules de votre EMSP,2023-11-28,0
MOBIVE - SEHV87,"",valerie.geay@sehv.fr ,Izivia,sav@izivia.com,0972668001,MOBIVE - SEHV87,FRS87PMB872511,FR*SOD*S*MB87*25*1*_*_,RAZES - PLACE ANDRE DUFRAISSE,Voirie,PLACE ANDRE DUFRAISSE,87640,"[46.033722,1.345370]",2,FRS87EMB872511,FR*SOD*E*MB87*25*1*1*_,22,false,false,false,false,false,false,true,false,true,"",Accès libre,false,24/7,Accessibilité inconnue,Aucune Restriction,false,Direct,0,2022-07-11,Conditions accès aux bornes dépendantes des accords et formules de votre EMSP,2023-11-28,0
MOBIVE - SEHV87,"",valerie.geay@sehv.fr ,Izivia,sav@izivia.com,0972668001,MOBIVE - SEHV87,FRS87PMB872512,FR*SOD*S*MB87*25*1*_*_,RAZES - PLACE ANDRE DUFRAISSE,Voirie,PLACE ANDRE DUFRAISSE,87640,"[46.033722,1.345370]",2,FRS87EMB872512,FR*SOD*E*MB87*25*1*2*_,22,false,false,false,false,false,false,true,false,true,"",Accès libre,false,24/7,Accessibilité inconnue,Aucune Restriction,false,Direct,0,2022-07-11,Conditions accès aux bornes dépendantes des accords et formules de votre EMSP,2023-11-28,0
MOBIVE - SEHV87,"",valerie.geay@sehv.fr ,Izivia,sav@izivia.com,0972668001,MOBIVE - SEHV87,FRS87PMB872612,FR*SOD*S*MB87*26*1*_*_,CIEUX - PLACE DU 8 MAI 1945,Voirie,PLACE DU 8 MAI 1945,87520,"[45.991007,1.046631]",1,FRS87EMB872612,FR*SOD*E*MB87*26*1*2*_,22,false,false,false,false,false,false,true,false,true,"",Accès libre,false,24/7,Accessibilité inconnue,Aucune Restriction,false,Direct,0,2023-04-18,Conditions accès aux bornes dépendantes des accords et formules de votre EMSP,2023-11-28,0
MOBIVE - SEHV87,"",valerie.geay@sehv.fr ,Izivia,sav@izivia.com,0972668001,MOBIVE - SEHV87,FRS87PMB872711,FR*SOD*S*MB87*27*1*_*_,CHATEAUPONSAC - PLACE XAVIER MAZURIER,Voirie,PLACE XAVIER MAZURIER,87290,"[46.134059,1.276510]",2,FRS87EMB872711,FR*SOD*E*MB87*27*1*1*_,22,false,false,false,false,false,false,true,false,true,"",Accès libre,false,24/7,Accessibilité inconnue,Aucune Restriction,false,Direct,0,2023-03-01,Conditions accès aux bornes dépendantes des accords et formules de votre EMSP,2023-11-28,0
MOBIVE - SEHV87,"",valerie.geay@sehv.fr ,Izivia,sav@izivia.com,0972668001,MOBIVE - SEHV87,FRS87PMB872811,FR*SOD*S*MB87*28*1*_*_,CHATEAUPONSAC - PARKING AVENUE DE LORRAINE,Voirie,"AVENUE DE LORRAINE, 87290",87290,"[46.134473,1.274174]",2,FRS87EMB872811,FR*SOD*E*MB87*28*1*1*_,22,false,false,false,false,false,false,true,false,true,"",Accès libre,false,24/7,Accessibilité inconnue,Aucune Restriction,false,Direct,0,2023-03-01,Conditions accès aux bornes dépendantes des accords et formules de votre EMSP,2023-11-28,0
MOBIVE - SEHV87,"",valerie.geay@sehv.fr ,Izivia,sav@izivia.com,0972668001,MOBIVE - SEHV87,FRS87PMB872911,FR*SOD*S*MB87*29*1*_*_,VAL-DOIRE-ET-GARTEMPE - PLACE DU CHAMP DE FOIRE,Voirie,2 RUE DU CHAMP DE FOIRE,87320,"[46.235341,0.903630]",2,FRS87EMB872911,FR*SOD*E*MB87*29*1*1*_,22,false,false,false,false,false,false,true,false,true,"",Accès libre,false,24/7,Accessibilité inconnue,Aucune Restriction,false,Direct,0,2022-10-06,Conditions accès aux bornes dépendantes des accords et formules de votre EMSP,2023-11-28,0
MOBIVE - SEHV87,"",valerie.geay@sehv.fr ,Izivia,sav@izivia.com,0972668001,MOBIVE - SEHV87,FRS87PMB873013,FR*SOD*S*MB87*30*1*_*_,BLANZAC - ETANG DE ROUFFIGNAC,Voirie,AERODROME DE BELLAC,87300,"[46.131688,1.081701]",3,FRS87EMB873013,FR*SOD*E*MB87*30*1*3*_,50,false,false,true,true,false,false,true,false,true,"",Accès libre,false,24/7,Accessibilité inconnue,Aucune Restriction,false,Direct,0,2022-10-10,Conditions accès aux bornes dépendantes des accords et formules de votre EMSP,2023-11-28,0
MOBIVE - SEHV87,"",valerie.geay@sehv.fr ,Izivia,sav@izivia.com,0972668001,MOBIVE - SEHV87,FRS87PMB873111,FR*SOD*S*MB87*31*1*_*_,VAL-DISSOIRE - AVENUE DE BELLAC,Voirie,AVENUE DE BELLACMEZIERES-SUR-ISSOIRE,87330,"[46.108853,0.919616]",3,FRS87EMB873111,FR*SOD*E*MB87*31*1*1*_,43,false,false,false,false,false,false,true,false,true,"",Accès libre,false,24/7,Accessibilité inconnue,Aucune Restriction,false,Direct,0,2022-10-10,Conditions accès aux bornes dépendantes des accords et formules de votre EMSP,2023-11-28,0
MOBIVE - SEHV87,"",valerie.geay@sehv.fr ,Izivia,sav@izivia.com,0972668001,MOBIVE - SEHV87,FRS87PMB873211,FR*SOD*S*MB87*32*1*_*_,SAINT-VICTURNIEN - CROIX DE LAVERGNE,Voirie,ROUTE DORADOUR SUR GLANE,87420,"[45.895108,1.035591]",3,FRS87EMB873211,FR*SOD*E*MB87*32*1*1*_,50,false,false,false,false,false,false,true,false,true,"",Accès libre,false,24/7,Accessibilité inconnue,Aucune Restriction,false,Direct,0,2022-10-11,Conditions accès aux bornes dépendantes des accords et formules de votre EMSP,2023-11-28,0
MOBIVE - SEHV87,"",valerie.geay@sehv.fr ,Izivia,sav@izivia.com,0972668001,MOBIVE - SEHV87,FRS87PMB873311,FR*SOD*S*MB87*33*1*_*_,SAINT-JOUVENT - AIRE DE COVOITURAGE,Voirie,AIRE DE COVOITURAGE,87510,"[45.959326,1.171203]",3,FRS87EMB873311,FR*SOD*E*MB87*33*1*1*_,50,false,false,false,false,false,false,true,false,true,"",Accès libre,false,24/7,Accessibilité inconnue,Aucune Restriction,false,Direct,0,2022-11-18,Conditions accès aux bornes dépendantes des accords et formules de votre EMSP,2023-11-28,0
MOBIVE - SEHV87,"",valerie.geay@sehv.fr ,Izivia,sav@izivia.com,0972668001,MOBIVE - SEHV87,FRS87PMB873411,FR*SOD*S*MB87*34*1*_*_,SAINT-LAURENT-SUR-GORRE - PLACE DE LEGLISE,Voirie,PLACE DE LEGLISE,23340,"[45.770860,1.957497]",1,FRS87EMB873411,FR*SOD*E*MB87*34*1*1*_,22,false,false,false,false,false,false,true,false,true,"",Accès libre,false,24/7,Accessibilité inconnue,Aucune Restriction,false,Direct,0,2023-03-14,Conditions accès aux bornes dépendantes des accords et formules de votre EMSP,2023-11-28,0
MOBIVE - SEHV87,"",valerie.geay@sehv.fr ,Izivia,sav@izivia.com,0972668001,MOBIVE - SEHV87,FRS87PMB873611,FR*SOD*S*MB87*36*1*_*_,SAINT AUVENT - ALLEE DU CHATEAU,Voirie,ALLEE DU CHATEAU,87310,"[45.809730,0.927823]",1,FRS87EMB873611,FR*SOD*E*MB87*36*1*1*_,22,false,false,false,false,false,false,true,false,true,"",Accès libre,false,24/7,Accessibilité inconnue,Aucune Restriction,false,Direct,0,2023-08-24,Conditions accès aux bornes dépendantes des accords et formules de votre EMSP,2023-11-28,0
MOBIVE - SEHV87,"",valerie.geay@sehv.fr ,Izivia,sav@izivia.com,0972668001,MOBIVE - SEHV87,FRS87PMB873911,FR*SOD*S*MB87*39*1*_*_,BESSINES-SUR-GARTEMPE - RUE DES GRANDS JARDINS,Voirie,RUE DES GRANDS JARDINS,87250,"[46.107802,1.371627]",3,FRS87EMB873911,FR*SOD*E*MB87*39*1*1*_,50,false,false,false,false,false,false,true,false,true,"",Accès libre,false,24/7,Accessibilité inconnue,Aucune Restriction,false,Direct,0,2023-03-23,Conditions accès aux bornes dépendantes des accords et formules de votre EMSP,2023-11-28,0
MOBIVE - SEHV87,"",valerie.geay@sehv.fr ,Izivia,sav@izivia.com,0972668001,MOBIVE - SEHV87,FRS87PMB873912,FR*SOD*S*MB87*39*1*_*_,BESSINES-SUR-GARTEMPE - RUE DES GRANDS JARDINS,Voirie,RUE DES GRANDS JARDINS,87250,"[46.107802,1.371627]",3,FRS87EMB873912,FR*SOD*E*MB87*39*1*2*_,50,true,false,false,false,false,false,true,false,true,"",Accès libre,false,24/7,Accessibilité inconnue,Aucune Restriction,false,Direct,0,2023-03-23,Conditions accès aux bornes dépendantes des accords et formules de votre EMSP,2023-11-28,0
MOBIVE - SEHV87,"",valerie.geay@sehv.fr ,Izivia,sav@izivia.com,0972668001,MOBIVE - SEHV87,FRS87PMB873913,FR*SOD*S*MB87*39*1*_*_,BESSINES-SUR-GARTEMPE - RUE DES GRANDS JARDINS,Voirie,RUE DES GRANDS JARDINS,87250,"[46.107802,1.371627]",3,FRS87EMB873913,FR*SOD*E*MB87*39*1*3*_,50,true,true,false,false,false,false,true,false,true,"",Accès libre,false,24/7,Accessibilité inconnue,Aucune Restriction,false,Direct,0,2023-03-23,Conditions accès aux bornes dépendantes des accords et formules de votre EMSP,2023-11-28,0
